caminho_imagem,texto_busca
images/12532.jpg,Women Apparel Jackets Black Casual - Puma Women Solid Black Jackets
images/3469.jpg,Unisex Accessories Headband Black Sports - ADIDAS Unisex Black White Headband
images/24742.jpg,Women Accessories Handbags Green Casual - Murcia Women Casual Handbag
images/28477.jpg,Women Apparel Kurtas Purple Ethnic - Urban Yoga Women Printed Purple Kurta
images/9966.jpg,Women Apparel Tshirts White Sports - Nike Women As Statement White T-Shirts
images/58208.jpg,Men Accessories Belts Brown Casual - New Hide Men Brown Belt
images/30591.jpg,Unisex Accessories Caps Blue Sports - Nike Unisex Federer Blue Cap
images/45627.jpg,Men Apparel Briefs Grey Casual - Park Avenue Men Grey Briefs
images/50468.jpg,Men Apparel Trunk Grey Melange Casual - Chromozome Men Grey Melange Trunks
images/51797.jpg,Women Apparel Nightdress Turquoise Blue Casual - Bwitch Turquiose Blue Nightdress
images/31221.jpg,Women Apparel Capris Black Casual - Puma Women Black Capris
images/46949.jpg,Women Personal Care Perfume and Body Mist Peach Casual - York Women Amazing Perfume
images/26608.jpg,Men Footwear Sports Shoes Black Sports - Puma Men Faas 800 Black Sports Shoes
images/14859.jpg,Women Accessories Wallets Black Casual - United Colors of Benetton Women Solid Black Wallets
images/26384.jpg,Men Apparel Trousers Black Formal - Turtle Men Black Trousers
images/44958.jpg,Women Personal Care Deodorant Red Casual - Fogg Women Radiate Deo
images/43065.jpg,Men Apparel Tshirts Grey Casual - Nike Men Grey Striped T-shirt
images/48981.jpg,Women Accessories Ring Silver Casual - Lucera Women Silver Ring
images/42002.jpg,Girls Apparel Capris Pink Casual - Gini and Jony Girls Kinky Pink Capris
images/45768.jpg,Women Personal Care Deodorant Blue Casual - Lomani Women Deo
images/55384.jpg,Women Personal Care Nail Polish Purple Casual - Revlon Plum Deluxe Nail Enamel 315
images/31715.jpg,Women Accessories Earrings Silver Ethnic - Fabindia Women Anusuya Silver Earrings
images/3125.jpg,Men Apparel Tshirts Black Casual - Inkfruit Men's Star War Black T-shirt
images/39174.jpg,Women Apparel Kurtas Blue Ethnic - Aneri Women Blue Printed Kurta
images/53376.jpg,Women Accessories Wallets White Casual - Puma Women White Ferrari Wallet
images/21885.jpg,Women Apparel Kurtas Green Ethnic - BIBA Women Printed Green Kurta
images/29865.jpg,Men Accessories Sunglasses Black Casual - Mayhem Men Aviator Sunglasses 1024-209
images/30463.jpg,Women Apparel Bra Pink Casual - Lovable Women All Day Long Pink Bra
images/4355.jpg,Men Apparel Tshirts Grey Casual - Batman Men's Batman Applique Shei Grey T-shirt
images/49752.jpg,Men Accessories Ties Lavender Formal - Parx Men Lavender Tie
images/39742.jpg,Men Footwear Casual Shoes Red Casual - Arrow Men Red Shoes
images/26300.jpg,Men Apparel Tshirts Blue Casual - Proline Men Blue Striped Polo T-shirt
images/35937.jpg,Men Footwear Sports Shoes Black Sports - Salomon Men Techamphibian 3 Black Sports Shoes
images/25105.jpg,Women Accessories Belts Black Casual - Lino Perros Women Black Belt
images/42938.jpg,Men Accessories Handbags Black Casual - French Connection Men Black Bag
images/21259.jpg,Unisex Accessories Backpacks Black Casual - Skybags Unisex Black Bern Backpack
images/32766.jpg,Men Apparel Shirts White Formal - John Miller Men Striped White Shirt
images/10305.jpg,Men Footwear Casual Shoes Black Casual - Clarks Men Rocco Fuse Brown Casual Shoes
images/24868.jpg,Men Accessories Wallets Black Casual - Reid & Taylor Men Casual Black Wallet
images/5848.jpg,Men Apparel Tshirts Grey Sports - Puma Men's Summer Graphic Grey T-shirt
images/19077.jpg,Women Apparel Kurtas Red Ethnic - W Women Round Bottom Red Kurta
images/40139.jpg,Boys Apparel Tshirts Navy Blue Casual - Gini and JonyBoys Around The World Navy Blue T-shirt
images/38609.jpg,Men Apparel Tshirts Blue Casual - Nike Men Printed Blue T-shirt
images/51424.jpg,Men Apparel Shirts White Formal - Myntra Men White Shirt
images/4300.jpg,Men Apparel Tshirts Green Casual - Tantra Men's Guitar Gods Green T-shirt
images/32619.jpg,Men Apparel Tshirts Black Sports - Nike Men Legend Poly Black T-shirt
images/43063.jpg,Men Apparel Tshirts Red Casual - Nike Men Red Portugal Football T-shirt
images/43217.jpg,Women Accessories Watches Black Casual - Fastrack Women Black Dial Watch
images/59777.jpg,Women Accessories Bracelet Gold Casual - Estelle Women Gold Bracelet
images/44253.jpg,Women Accessories Wallets Black Casual - Hidekraft Women Black Leather Wallet
images/42920.jpg,Women Accessories Wallets Grey Casual - French Connection Women Grey Wallet
images/31619.jpg,Men Apparel Shirts Maroon Formal - Indigo Nation Men Maroon Shirt
images/29892.jpg,Women Accessories Sunglasses Brown Casual - Mayhem Women Sunglasses 1012-102
images/17695.jpg,Men Footwear Casual Shoes Maroon Casual - Vans Men Authentic Maroon Casual Shoes
images/6894.jpg,Women Apparel Tops White Casual - Forever New Women Floral Multiprint White Top
images/9042.jpg,Men Footwear Formal Shoes Brown Formal - Buckaroo Men Moles Brown Formal Shoes
images/6187.jpg,Women Footwear Flip Flops Green Casual - ADIDAS Women's Young Lives Green Flip Flop
images/21526.jpg,Women Accessories Handbags Red Casual - Kiara Women Glossy Red Handbag
images/51596.jpg,Women Apparel Jeans Black Casual - Wrangler Women Black Molly Jeans
images/56583.jpg,Women Personal Care Highlighter and Blush Skin - Streetwear Crystal Shine Face Brightener
images/57264.jpg,Women Free Items Free Gifts Black Casual - Murcia Women Black Handbag
images/25933.jpg,Women Accessories Scarves Brown Casual - Femella Women Brown Scarf
images/25449.jpg,Women Footwear Flip Flops Green Casual - Nike Women Snapper Thong Flip Flop
images/7909.jpg,Men Apparel Tshirts Navy Blue Casual - Proline Men Navy & Cream Striped Polo T-shirt
images/48118.jpg,Women Accessories Belts Brown Casual - Fossil Women Brown Sasha Belt
images/48636.jpg,Women Accessories Earrings Silver Casual - Lucera Women Silver Earrings
images/37694.jpg,Unisex Accessories Backpacks Black Casual - American Tourister Unisex Black Backpack
images/50992.jpg,Women Apparel Nightdress Beige Casual - Enamor Women Beige Nightdress
images/12598.jpg,Unisex Apparel Tshirts Orange Casual - Tantra Unisex Printed Orange Tshirts
images/40428.jpg,Women Apparel Skirts Grey Formal - Tonga Women Grey Formal Skirt
images/18499.jpg,Men Apparel Sweaters Navy Blue Casual - Puma Men Striped Navy Blue Sweater
images/44903.jpg,Men Apparel Tshirts Blue Casual - Puma Men Blue Graphic T-shirt
images/37709.jpg,Men Footwear Sports Shoes Black Sports - Fila Men Black Top Fuel Sports Shoes
images/24533.jpg,Women Apparel Kurtas Pink Ethnic - Mother Earth Women Pink Printed Kurta
images/38533.jpg,Men Footwear Casual Shoes White Casual - Puma Men White Future Cat Shoes
images/53377.jpg,Unisex Accessories Messenger Bag Fluorescent Green Casual - Puma Unisex Fluorescent Green & Black Bolt LS Messenger Bag
images/29193.jpg,Women Accessories Handbags Multi Casual - United Colors of Benetton Women Multi Coloured Handbag
images/26116.jpg,Men Apparel Shirts Blue Formal - John Miller Men Striped Blue Shirt
images/48401.jpg,Men Apparel Tshirts Cream Casual - French Connection Men Cream T-shirt
images/24841.jpg,Women Apparel Tshirts Yellow Casual - Wildcraft Women Yellow Printed T-shirt
images/5421.jpg,Boys Apparel Tshirts White Casual - Ant Kids Boy's Love This Game White Kidswear
images/31694.jpg,Women Apparel Kurtas Green Ethnic - Folklore Women Printed Green Kurta
images/26988.jpg,Women Apparel Jeggings Blue Casual - Jealous 21 Women Blue Jeggings
images/15703.jpg,Men Apparel Shirts White Casual - Spykar Men Check White Shirts
images/45578.jpg,Men Footwear Sandals Brown Casual - Arrow Men Brown Sandals
images/26902.jpg,Women Apparel Tops Lavender Casual - Jealous 21 Women Printed Lavender Top
images/35657.jpg,Men Footwear Formal Shoes Brown Casual - U.S. Polo Assn. Men Brown Shoes
images/28933.jpg,Men Apparel Tshirts Teal Casual - Mr. Men Printed Teal T-shirt
images/7645.jpg,Men Apparel Tshirts Black Sports - Puma Men's Ducati Logo Black T-shirt
images/35786.jpg,Women Footwear Flats Blue Casual - Enroute Women Bluish Grey Shoes
images/47109.jpg,Boys Footwear Casual Shoes White Casual - Marvel Boys White Shoes
images/4524.jpg,Men Footwear Sports Shoes Black Sports - Puma Men's YugoRun Black White Shoe
images/4413.jpg,Men Apparel Tshirts Brown Casual - Nirvana Men's Wings Brown T-shirt
images/55622.jpg,Men Footwear Formal Shoes Brown Formal - Numero Uno Men Brown Formal Shoes
images/38239.jpg,Men Accessories Sunglasses Brown Casual - Polaroid Men Sunglasses
images/25532.jpg,Men Apparel Shirts Purple Casual - Wrangler Men Benefica Purple Shirt
images/57727.jpg,Women Personal Care Lip Gloss Pink - Lotus Herbals Seduction Cranberry Punch Lip Gloss 30
images/34444.jpg,Women Apparel Tshirts Peach Casual - Myntra Women Peach Peace Love Chocolate T-shirt
images/41752.jpg,Boys Apparel Tshirts Yellow Casual - Doodle Boys Printed Yellow T-shirt
images/52823.jpg,Women Accessories Earrings Green Casual - Adrika Green Earrings
images/42902.jpg,Women Accessories Belts Blue Casual - French Connection Women Blue Belt
images/12107.jpg,Women Apparel Kurtis Cream Ethnic - W Women Cream Kurtis
images/26546.jpg,Men Footwear Sandals Black Casual - ID Men Black & Red Sandals
images/8558.jpg,Men Apparel Tshirts Black Casual - Basics Men Black T-shirt
images/17309.jpg,Men Accessories Sunglasses Black Casual - Pepe Jeans Men Casual Sunglasses
images/17322.jpg,Men Accessories Sunglasses Brown Casual - Pepe Jeans Men Casual Sunglasses
images/39871.jpg,Women Footwear Heels Blue Casual - Catwalk Women Blue Flats
images/34735.jpg,Men Footwear Sports Shoes Black Sports - Puma Men Faas Steady Power Black Sports Shoes
images/43792.jpg,Women Accessories Earrings Gold Ethnic - Royal Diadem Gold & Pink Earrings
images/53762.jpg,Men Apparel Tshirts Navy Blue Casual - Puma Men Navy Blue and Red T-shirt
images/25887.jpg,Unisex Accessories Backpacks Brown Travel - American Tourister Unisex Brown Wanderer Backpack
images/29675.jpg,Men Apparel Shirts Black Formal - Indigo Nation Men Black Shirt
images/34161.jpg,Girls Apparel Tops Black Casual - Gini and Jony Girls Black Top
images/53532.jpg,Women Apparel Briefs White Casual - Amante Women White Briefs PCLR02
images/25487.jpg,Men Footwear Sports Shoes White Sports - Nike Men Air Dictate  White Sports Shoes
images/19244.jpg,Men Apparel Tshirts Green Casual - Puma Men Printed Green T-shirt
images/53872.jpg,Women Footwear Sports Shoes White Sports - Puma Women Speeder Ind White Sports Shoes
images/37776.jpg,Men Apparel Shirts White Casual - John Players Men Yellow & White Striped Shirt
images/51388.jpg,Men Apparel Boxers Grey Casual - Myntra Grey Printed Boxers
images/58449.jpg,Men Accessories Watches Black Casual - Fossil Men Black Dial Chronograph Watch FS4658
images/7544.jpg,Women Apparel Capris Grey Sports - Nike Women Classic Grey Capri
images/40624.jpg,Women Apparel Kurtas Brown Ethnic - Span Women Brown Kurta
images/51158.jpg,Men Accessories Socks Brown Casual - Raymond Men Brown Socks
images/16221.jpg,Men Apparel Track Pants Black Sports - Puma Men Heroes Black Track Pant
images/39735.jpg,Men Footwear Casual Shoes Navy Blue Casual - Arrow Men Navy Blue Shoes
images/8937.jpg,Men Apparel Trousers Brown Formal - Scullers Men Scul Brown Trousers
images/12630.jpg,Men Apparel Tshirts Blue Casual - Probase Men Printed Blue Tshirts
images/29300.jpg,Men Apparel Tshirts Grey Casual - Wrangler Men Grey Polo T-shirt
images/22053.jpg,Women Apparel Kurtas Purple Ethnic - Vishudh Women Printed Purple Kurta
images/21986.jpg,Women Accessories Handbags Purple Casual - Murcia Women Purple Casual Handbag
images/31903.jpg,Women Apparel Briefs White Casual - Hear 2 Heart Women White Briefs H2H-3-2011
images/5127.jpg,Women Apparel Shirts Red Casual - Wrangler Women Holly Checks Shirt
images/16164.jpg,Men Footwear Sandals Brown Casual - Enroute Men Leather Brown Sandals
images/48948.jpg,Men Accessories Ring Steel Casual - Revv Men Steel Ring
images/54475.jpg,Women Accessories Handbags Blue Casual - Baggit Women Blue Small Handbag
images/12915.jpg,Men Apparel Tshirts Grey Casual - Spykar Men Back Print Grey T-Shirts
images/50164.jpg,Women Footwear Heels White Casual - Rocia Women White Wedges
images/57588.jpg,Women Personal Care Lipstick Brown Casual - Lotus Herbals Cinnamon Lipstick 165
images/11772.jpg,Men Apparel Tshirts Black Casual - Lee Men Black Printed T-shirt
images/12094.jpg,Women Apparel Kurtas White Ethnic - W Women Printed White Kurtas
images/13403.jpg,Men Apparel Shirts Red Casual - United Colors of Benetton Men Check Red Shirts
images/8681.jpg,Unisex Accessories Sunglasses Blue Casual - Fastrack Unisex Sunglasses
images/34424.jpg,Men Apparel Tshirts Orange Casual - Myntra Men Green Planet Orange T-shirt
images/7698.jpg,Women Apparel Tops Purple Casual - Jealous 21 Women's She's Got Attitude Purple Top
images/3517.jpg,Men Apparel Tshirts Yellow Casual - Myntra Men's Not Tonight Ladies Yellow T-shirt
images/47172.jpg,Men Footwear Sandals Black Casual - Ganuchi Men Black Sandals
images/31672.jpg,Men Apparel Jeans Blue Casual - Spykar Men Blue Jeans
images/59367.jpg,Women Apparel Kurtas Brown Ethnic - Vishudh Women Brown & Yellow Kurta
images/56795.jpg,Men Apparel Jeans Blue Casual - Horsefly Men Blue Jeans
images/54600.jpg,Men Apparel Briefs Black Casual - Jockey ELANCE Men Black Briefs 1004
images/20218.jpg,Men Apparel Sweaters Charcoal Casual - Wrangler Men Rib Charcoal Sweater
images/25599.jpg,Women Apparel Kurta Sets Grey Ethnic - Vishudh Women Grey & Black Churidar Kurta with Dupatta
images/41958.jpg,Boys Apparel Tshirts Grey Casual - Gini and Jony Boys Surfs Up Grey T-shirt
images/10628.jpg,Men Footwear Casual Shoes Navy Blue Casual - Carlton London Men CL Casual Navy Blue Casual Shoes
images/40302.jpg,Unisex Footwear Sandals Silver Casual - Warner Bros Kids Unisex blue navy sandals
images/26781.jpg,Men Personal Care Deodorant Blue Casual - Reebok Men Pack of 3 Deos
images/9988.jpg,Men Apparel Tshirts Blue Sports - Nike Men As Rafa Ace T Blue T-Shirts
images/40533.jpg,Women Accessories Watches White Casual - Titan Women White Dial Watch
images/5911.jpg,Women Footwear Casual Shoes White Casual - ADIDAS Women's Daily Vulc White Shoe
images/4907.jpg,Women Apparel Tops Green Casual - Palm Tree Girl's Linnea White Green Kidswear
images/46766.jpg,Women Personal Care Perfume and Body Mist Red Casual - Valentino Perfumes Women 75 ml Classic Perfume
images/2327.jpg,Men Apparel Tshirts White Casual - Reebok Men Football Fanatic White T-shirt
images/8857.jpg,Men Apparel Shirts Orange Casual - Mark Taylor Men Orange Striped Shirt
images/46121.jpg,Women Apparel Jackets Black Casual - Wildcraft Women Black Jacket
images/4483.jpg,Men Footwear Casual Shoes Silver Casual - Puma Men's Kraftek Metallic Silver Red Shoe
images/4122.jpg,Unisex Footwear Casual Shoes Black Casual - Puma Unisex Lo Punk Black Yellow Shoe
images/17312.jpg,Women Accessories Sunglasses Black Casual - Pepe Jeans Women Casual Sunglasses
images/29933.jpg,Women Accessories Watches Silver Casual - Police Women Silver-Toned Dial Watch PL12896BS
images/38150.jpg,Women Apparel Tshirts Purple Casual - Wildcraft Women Purple T-shirt
images/48203.jpg,Unisex Accessories Sunglasses Black Casual - United Colors of Benetton Unisex Black Sunglasses
images/56078.jpg,Women Personal Care Lip Gloss Pink Casual - Colorbar Star Shine Bewitch Lip Gloss 018
images/4051.jpg,Men Apparel Tshirts Yellow Casual - Myntra Men's Eagle Emblem Yellow T-shirt
images/6834.jpg,Unisex Accessories Shoe Accessories Orange - Timberland Unisex Max 2 Shine Neutr Shoe Accessories
images/53398.jpg,Women Apparel Kurtas Maroon Ethnic - Alma Women Maroon Printed Kurta
images/46811.jpg,Men Apparel Tshirts Black Casual - Nike Men Black T-shirt
images/42863.jpg,Women Accessories Clutches Brown Casual - nan
images/48063.jpg,Men Apparel Shirts White Casual - French Connection Men White Striped Shirt
images/10725.jpg,Women Accessories Handbags Green Casual - Murcia Women Green Green Handbags
images/31999.jpg,Men Accessories Socks Cream Formal - Playboy Men Cream Socks
images/13578.jpg,Men Apparel Innerwear Vests Red Casual - Hanes Men Pack of 2 Half Contrast Piping Ringer T-shirts
images/39302.jpg,Men Footwear Casual Shoes Brown Casual - Red Chief Men Brown Casual Shoes
images/54635.jpg,Men Accessories Watches Grey Casual - Fastrack Men Grey Dial Watch
images/2724.jpg,Boys Apparel Tshirts White Casual - Disney Kids Boy's White Red Kidswear
images/41397.jpg,Men Apparel Shirts Blue Casual - Wrangler Men Blue Check Shirt
images/58107.jpg,Women Accessories Earrings Gold Casual - Rreverie Golden Earrings
images/25220.jpg,Women Accessories Handbags Purple Casual - Lino Perros Women Leatherette Purple Handbag
images/47649.jpg,Men Footwear Casual Shoes Brown Casual - Carlton London Men Brown Shoes
images/32113.jpg,Men Apparel Briefs Red Casual - Playboy Men Rap Red Briefs
images/51577.jpg,Men Accessories Watches Red Casual - Fastrack Men Red Dial Watch
images/4977.jpg,Men Apparel Jeans Blue Casual - Gini and Jony Boy's Kang Jeans Infant Kidswear
images/22912.jpg,Women Footwear Casual Shoes Black Casual - Puma Women Future Cat Remix Black Shoes
images/34355.jpg,Men Apparel Tshirts Blue Casual - Myntra Men Blue Jazzy Move Printed T-shirt
images/15849.jpg,Unisex Footwear Flip Flops Red Casual - Warner Bros Kids Unisex SD Safari Flop Red Slippers
images/32345.jpg,Men Accessories Watches Black Casual - Q&Q Men Black Dial Watch
images/50287.jpg,Men Accessories Ties Grey Formal - Parx Men Grey Tie
images/28197.jpg,Men Accessories Sunglasses Copper Casual - Ray-Ban Men Caravan Copper Sunglasses
images/8503.jpg,Unisex Accessories Socks White Sports - Nike Unisex China Swsh Ct White Socks
images/51294.jpg,Boys Accessories Sunglasses Black Casual - Hop Scotch Boys Black Sunglasses
images/44566.jpg,Men Footwear Sandals Brown Casual - Coolers Men Brown Sandals
images/55619.jpg,Men Footwear Formal Shoes Black Formal - Numero Uno Men Black Formal Shoes
images/15029.jpg,Women Apparel Sweatshirts Purple Casual - ADIDAS Women Stripes Purple Sweatshirts
images/32472.jpg,Unisex Accessories Socks White Sports - ADIDAS Unisex White Socks
images/4089.jpg,Men Apparel Tshirts White Casual - Classic Polo Men's White With Orange Black Stripe T-shirt
images/36414.jpg,Men Footwear Casual Shoes Black Casual - Spinn Men Abzorb X Black Shoes
images/52449.jpg,Women Apparel Nightdress White Casual - Red Rose White Nightdress
images/12138.jpg,Women Apparel Kurtas Green Ethnic - Aurelia Women Solid Green Kurtas
images/17058.jpg,Women Accessories Belts Black Casual - Lino Perros Women Graphic Black Belt
images/20775.jpg,Women Footwear Heels Silver Casual - Carlton London Women Classy Silver Heels
images/18962.jpg,Women Apparel Sweatshirts Pink Casual - United Colors of Benetton Women Printed Pink Sweatshirt
images/59404.jpg,Women Apparel Tops Blue Casual - Tokyo Talkies Women Blue Top
images/26043.jpg,Men Apparel Shirts Grey Formal - John Miller Men Grey Shirt
images/48444.jpg,Men Apparel Tshirts Black Casual - French Connection Men Black T-shirt
images/5396.jpg,Men Footwear Sports Shoes White Sports - Artengo Artengo Bad 414 I Man
images/28640.jpg,Men Apparel Shorts Black Sports - Nike Men Victor Woven Black Shorts
images/38212.jpg,Men Accessories Sunglasses Steel Casual - Polaroid Men Sunglasses
images/44644.jpg,Women Apparel Tops Black Casual - Arrow Woman Black Top
images/20028.jpg,Men Apparel Shirts Grey Casual - United Colors of Benetton Men Solid Grey Shirt
images/39316.jpg,Boys Apparel Tshirts White Casual - Gini and Jony Boys Printed White T-shirt
images/4226.jpg,Men Apparel Tshirts Grey Casual - Probase Men's Last Week Grey T-shirt
images/55973.jpg,Women Personal Care Lipstick Brown Casual - ColorBar Velvet Matte High Tea 1 Lipstick 77V
images/7971.jpg,Men Footwear Sports Sandals Grey Casual - Fila Men Grey & Black Aqua Grippare Sports Sandals
images/20276.jpg,Women Footwear Heels Beige Casual - Catwalk Women Casual Beige Flats
images/9486.jpg,Unisex Accessories Backpacks Black Casual - Puma Unisex Big Cat Black Backpacks
images/4238.jpg,Men Apparel Tshirts Grey Casual - Probase Men's Big Sound Grey T-shirt
images/5248.jpg,Women Footwear Sports Shoes White Sports - Reebok Women Easytone Reenew White Red Shoe
images/46099.jpg,Men Footwear Casual Shoes Black Casual - ADIDAS Men Black Streetvulc Shoes
images/19434.jpg,Men Accessories Caps Blue Casual - Quiksilver Men Blue Sting Ray Beanie Hat
images/38608.jpg,Men Apparel Tshirts Grey Casual - Nike Men Grey T-shirt
images/59236.jpg,Men Accessories Watches Silver Casual - Titan Men Silver Watch
images/16230.jpg,Men Apparel Tracksuits Grey Sports - Puma Men Tricot Graphic Grey Tracksuit
images/19304.jpg,Men Footwear Flip Flops Black Casual - Nike Black Benassi Swoosh     NSW  Flip Flops
images/11429.jpg,Women Apparel Tops Black Casual - United Colors of Benetton Women Black Light Winter Top
images/33637.jpg,Men Free Items Free Gifts White Casual - Timex Men White Dial Watch
images/51667.jpg,Men Accessories Sunglasses Grey Casual - Louis Philippe Men Grey Sunglasses
images/16609.jpg,Men Apparel Trousers Grey Formal - Genesis Men Stripes Grey Trouser
images/57053.jpg,Women Apparel Dresses Pink Casual - Elle Pink Vintage Dress
images/11167.jpg,Men Apparel Shirts Brown Formal - John Miller Men Solid Brown Shirts
images/39375.jpg,Women Accessories Watches Silver Casual - Helix Women Silver Dial Watch
images/33513.jpg,Women Footwear Heels Black Casual - Cobblerz Women Black Peep Toes
images/34256.jpg,Men Apparel Tracksuits Black Sports - Proline Men Black Solid Tracksuits
images/14314.jpg,Men Apparel Tshirts White Sports - ADIDAS Men Solid White Jerseys
images/47259.jpg,Men Apparel Briefs Grey Melange Casual - FCUK Underwear Men Grey Brief
images/52981.jpg,Women Apparel Sarees Green Ethnic - FNF Green Printed Sari
images/7619.jpg,Men Accessories Caps Blue Casual - Wrangler Men Light Blue Canvas Cap
images/38193.jpg,Men Accessories Sunglasses Gold Casual - Polaroid Men Sunglasses
images/17755.jpg,Men Apparel Shirts Blue Casual - Highlander Men Check Blue Shirt
images/22290.jpg,Women Footwear Heels Silver Casual - Inc. 5 Women Casual Silver Flats
images/34938.jpg,Women Apparel Dupatta Blue Ethnic - Fabindia Off White Chanderi Dupatta
images/48230.jpg,Men Accessories Sunglasses Black Casual - United Colors of Benetton Men Black Sunglasses
images/6431.jpg,Unisex Footwear Casual Shoes Navy Blue Casual - Lotto Unisex Canvas Dark Navy Shoe
images/11504.jpg,Women Footwear Flats Black Casual - Catwalk Women Black Flats
images/10330.jpg,Men Accessories Belts Black Casual - Indigo Nation Men Alnoite Black Belts
images/10196.jpg,Women Accessories Handbags Green Casual - Murcia Women Hddcs Green Handbags
images/57998.jpg,Women Apparel Dresses Blue Casual - Latin Quarters Women Blue Dress
images/24410.jpg,Men Footwear Sports Shoes White Sports - ADIDAS Men Series Light White Sports Shoes
images/22398.jpg,Men Apparel Shirts White Casual - Mark Taylor Men Striped White Shirt
images/16626.jpg,Men Apparel Tshirts Charcoal Casual - Facit Men Smart  Charcoal Tshirt
images/13724.jpg,Men Accessories Caps Black Casual - Proline Men Black Patterned Beanie
images/57498.jpg,Men Footwear Casual Shoes Black Formal - Lee Cooper Men Black Shoes
images/56969.jpg,Women Footwear Heels Black Casual - HM Women Brown Flats
images/53490.jpg,Women Apparel Bra Black Casual - Amante Black Push-Up Bra BFCV11
images/52028.jpg,Unisex Apparel Rain Jacket Brown - Just Natural Unisex Brown Rain Jacket
images/42873.jpg,Women Accessories Handbags Brown Casual - French Connection Women Brown Handbag
images/35412.jpg,Men Footwear Casual Shoes Black Casual - Enroute Men Black Shoes
images/59742.jpg,Women Apparel Briefs Black Casual - Avirate Women Black Brief
images/49125.jpg,Women Personal Care Nail Polish Pink Casual - Deborah Shine Tech Ruibes Nail Polish 34
images/4948.jpg,Men Apparel Tshirts White Casual - Gini and Jony Boy's Kanon White Blue Infant Kidswear
images/9309.jpg,Men Apparel Tshirts Navy Blue Casual - Indian Terrain Men Rico Navy Blue T-shirt
images/9559.jpg,Men Apparel Tshirts Grey Casual - Nike Men Ath Dept Grey Tshirts
images/35306.jpg,Women Accessories Earrings Gold Ethnic - Fabindia Women Ananya Gold Earrings
images/45212.jpg,Women Accessories Watches White Casual - CASIO ENTICER Women White Dial Watch A667
images/7331.jpg,Men Footwear Formal Shoes Brown Formal - Red Tape Men's Formal Light Brown Shoe
images/19696.jpg,Men Apparel Shirts Grey Casual - United Colors of Benetton Men Solid Grey Shirt
images/16994.jpg,Women Footwear Flats Black Casual - Rocia Women Casual Black Heels
images/5755.jpg,Women Apparel Tops Pink Casual - Jealous 21 Women Pink Graphic Top
images/25525.jpg,Women Apparel Tops Blue Casual - Wrangler Women Poppins Blue Top
images/32533.jpg,Men Personal Care Fragrance Gift Set Black Casual - Playboy Men Hollywood Fragrance Gift Set
images/13289.jpg,Men Apparel Sweatshirts Black Casual - Gini and Jony Kids Boys Printed Black Sweatshirts
images/46578.jpg,Women Accessories Watches Black Casual - Timex Women Black Dial Watch
images/53373.jpg,Unisex Accessories Backpacks Black Casual - Puma Unisex Black Ferrari Backpack
images/7656.jpg,Men Accessories Socks Navy Blue Casual - Wrangler Men's Navy Ankle Length Socks
images/21982.jpg,Women Accessories Clutches Gold Casual - Murcia Women Casual Gold Clutch
images/36787.jpg,Women Accessories Watches Pink Casual - Maxima Women Pink Scuba Watch
images/46491.jpg,Women Accessories Watches Navy Blue Casual - Timex Women Navy Dial Watch M303
images/32363.jpg,Men Accessories Watches Steel Casual - Q&Q Men Steel Dial Watch
images/14756.jpg,Men Apparel Shirts Blue Formal - Arrow Men Solid Blue Shirts
images/33128.jpg,Women Footwear Heels Black Casual - Catwalk Women Black Peep Toes
images/20885.jpg,Men Footwear Sports Shoes White Sports - Reebok Men Speed mode Running White Shoes
images/23176.jpg,Men Apparel Tshirts Navy Blue Casual - Mark Taylor Men Navy Blue Printed T-shirt
images/26588.jpg,Men Footwear Sports Shoes White Sports - Puma Men Powercat 4.12 White Sports Shoes
images/54894.jpg,Men Apparel Lounge Pants Green Casual - Do U Speak Green Men Green Lounge Pants
images/53589.jpg,Men Accessories Watches Black Casual - Q&Q Men Black Dial Watch
images/30755.jpg,Men Apparel Kurtas Purple Ethnic - Fabindia Men Striped Purple Khadi Kurta
images/13998.jpg,Men Apparel Sweatshirts White Sports - Nike Men Printed White Sweatshirts
images/41404.jpg,Women Apparel Tops Pink Casual - Wrangler Women Stud Pink Top
images/43367.jpg,Women Footwear Flats Black Casual - Reebok Women Black Casual Shoes
images/59716.jpg,Women Apparel Nightdress Black Casual - Avirate Black Babydoll Nightdress
images/24345.jpg,Men Apparel Tshirts White Sports - ADIDAS Men White T-shirt
images/50986.jpg,Women Apparel Briefs Maroon Casual - Enamor Women Plum Briefs
images/25326.jpg,Men Accessories Watches Black Casual - CASIO Edifice Men Black Dial Watch ED423
images/19911.jpg,Unisex Accessories Messenger Bag Grey Casual - Wildcraft Unisex Grey Printed Messenger Bag
images/39287.jpg,Men Footwear Sandals Black Casual - Red Chief Men Black Sandals
images/16851.jpg,Women Accessories Sunglasses Black Casual - Idee Women Funky Eyewear Black Sunglasses
images/48702.jpg,Women Accessories Earrings Silver Casual - Lucera Women Silver Earrings
images/58894.jpg,Men Accessories Ties Black Casual - Hakashi Men Black Tie
images/47597.jpg,Women Footwear Heels Beige Casual - Portia Women Beige Wedges
images/50524.jpg,Men Apparel Briefs Grey Casual - Chromozome Men Grey Pack of 2 Briefs
images/47071.jpg,Women Apparel Patiala Rust Ethnic - Shree Women Rust & Red Patiala
images/14348.jpg,Women Footwear Heels White Casual - Catwalk Women Casual White Flats
images/1557.jpg,Unisex Accessories Backpacks Black Travel - Quechua Spacious Blue-Black Backpack
images/10611.jpg,Men Apparel Shirts Green Casual - Flying Machine Men FS Green Shirts
images/7551.jpg,Men Apparel Tshirts White Sports - Nike Men's As Walkthrough White T-shirt
images/28465.jpg,Women Apparel Tshirts Magenta Casual - Urban Yoga Women Printed Pink T-shirt
images/25883.jpg,Unisex Accessories Backpacks Olive Casual - American Tourister Unisex Olive Backpack
images/48486.jpg,Women Apparel Dresses Green Casual - French Connection Women Green Dress
images/40503.jpg,Men Accessories Watches Black Casual - Titan Men Black Watch
images/28032.jpg,Men Apparel Briefs White Casual - Jockey ELANCE Men Bikini White Brief 1005
images/51671.jpg,Men Accessories Sunglasses Silver Casual - Louis Philippe Men Black Sunglasses
images/2274.jpg,Men Apparel Tshirts White Sports - Nike Mens AS White T-shirt
images/42583.jpg,Boys Apparel Waistcoat Navy Blue Casual - United Colors of Benetton Boys Navy Blue Waistcoat
images/32435.jpg,Men Apparel Tshirts Blue Casual - ADIDAS Men Spectrum Night Blue T-shirt
images/59132.jpg,Men Apparel Jackets Black Casual - Just Natural Men Black Reversible Jacket
images/17374.jpg,Men Accessories Accessory Gift Set Purple Formal - Arrow Men Formal Purple Tie+Cufflink+Pocket square - Combo Pack
images/45417.jpg,Women Footwear Flats Black Casual - Rocia Women Black Sandals
images/4967.jpg,Men Apparel Tshirts Yellow Casual - Gini and Jony Boy's Kaffle Yellow Kidswear
images/39875.jpg,Unisex Accessories Messenger Bag Brown Casual - ADIDAS Unisex Brown Chelsea F.C Bag
images/3507.jpg,Men Apparel Shorts Black Sports - ADIDAS Men's Cont Black Short
images/43229.jpg,Men Footwear Casual Shoes Brown Casual - United Colors of Benetton Men Brown Shoes
images/57892.jpg,Women Personal Care Eye Cream Beige Casual - Biotique Women Bio Almond Eye Cream
images/34271.jpg,Women Apparel Dupatta Off White Ethnic - Fabindia Women Printed Off White & Black Dupatta
images/18403.jpg,Men Footwear Casual Shoes Black Casual - Skechers Men Tone-Ups Black Shoe
images/28622.jpg,Men Apparel Tshirts Black Sports - Nike Men Black Media Polo T-shirt
images/41699.jpg,Men Apparel Lounge Pants Navy Blue Casual - DC Comics Men Blue Printed Lounge Pants
images/19891.jpg,Men Accessories Belts Black Casual - Lee Men Canvas Black Belt
images/51994.jpg,Women Apparel Lounge Shorts Brown Casual - Inaya Women Brown Lounge Shorts
images/8736.jpg,Men Apparel Shirts Blue Casual - Indigo Nation Men Checks Blue Shirts
images/18303.jpg,Women Apparel Kurtis Maroon Ethnic - Aneri Women Kavita Maroon Kurti
images/59418.jpg,Women Apparel Tshirts Orange Casual - Tokyo Talkies Women Orange T-shirt
images/1859.jpg,Men Apparel Tshirts Red Casual - Inkfruit Men Eye Opener T-shirt
images/35211.jpg,Unisex Accessories Backpacks Blue Casual - Wildcraft Unisex Blue & Grey Backpack
images/45783.jpg,Women Footwear Heels Maroon Casual - Senorita Women Maroon Sandals
images/3084.jpg,Men Apparel Tshirts Red Casual - Probase Men's Cartoon Red T-shirt
images/33060.jpg,Men Apparel Shirts Green Casual - U.S. Polo Assn. Denim Co. Men Green & Blue Check Shirt
images/8246.jpg,Unisex Accessories Messenger Bag Blue Casual - Fastrack Unisex Blue Bag
images/29094.jpg,Women Accessories Sunglasses Brown Casual - Mtv Women Sunglasses
images/53907.jpg,Women Accessories Handbags Maroon Casual - Kiara Women Maroon Handbag
images/28535.jpg,Men Apparel Tshirts Green Sports - Nike Men Sublimated Green T-shirt
images/36620.jpg,Women Footwear Heels Yellow Casual - Catwalk Women Yellow Flats
images/44754.jpg,Women Footwear Casual Shoes Grey Casual - Globalite Women Grey Startech Shoes
images/21167.jpg,Women Apparel Tops Black Casual - s.Oliver Women Solid Black Top
images/46952.jpg,Women Personal Care Perfume and Body Mist Purple Casual - York Women Gracia Perfume
images/4126.jpg,Men Footwear Casual Shoes Black Casual - Fila Men's Fuel HI Black Shoe
images/58174.jpg,Women Accessories Handbags White Casual - Rocky S Women White Handbag
images/6660.jpg,Women Footwear Casual Shoes Brown Casual - Nike Women Dunk Low White Grey Shoe
images/10002.jpg,Women Apparel Skirts Blue Casual - Palm Tree Kids Sp Jema Skt Blue Skirts
images/19870.jpg,Men Footwear Flip Flops White Casual - ADIDAS Men Wires White Flip Flops
images/23644.jpg,Men Apparel Tshirts Off White Casual - Music Men Off White Printed T-shirt
images/4233.jpg,Men Apparel Tshirts Orange Casual - Probase Men's Away To Glory Green Tshirt
images/49855.jpg,Unisex Accessories Watches Black Casual - Q&Q Kids Unisex Black Digital Watch
images/39058.jpg,Men Accessories Cufflinks Steel Formal - Belmonte Men Steel Button Covers
images/31061.jpg,Women Apparel Dupatta Rust Ethnic - Fabindia Women Rust Dupatta
images/10533.jpg,Men Footwear Sports Shoes Black Sports - New Balance MW631 Men Others Walking Black Sports Shoes
images/44181.jpg,Women Personal Care Perfume and Body Mist White Casual - Nike Fragrances Women Free Soul Perfume 150 ml
images/56140.jpg,Women Personal Care Eyeshadow Brown Casual - Colorbar Spicy Brown Eye Shadow 003
images/33383.jpg,Women Accessories Wallets Purple Casual - Baggit Women Valley Baby Purple Wallet
images/36753.jpg,Girls Apparel Clothing Set Blue Casual - Little Miss Girls Chatterbox Blue Clothing Set
images/58629.jpg,Women Accessories Bangle Black Casual - ToniQ Women Black Bangles
images/43819.jpg,Women Accessories Earrings Gold Ethnic - Royal Diadem Gold & White Earrings
images/5110.jpg,Women Apparel Tops White Casual - Wrangler Women Long Polka White Blue Black Top
images/3750.jpg,Men Apparel Tshirts Purple Casual - Status Quo Men's Ticket To Win Purple T-shirt
images/46243.jpg,Women Apparel Tunics White Ethnic - Fusion Beats Women White & Green Tunic
images/7476.jpg,Men Apparel Tshirts Grey Casual - Proline Men Grey Polo T-shirt
images/46419.jpg,Men Accessories Watches Brown Casual - Timex Men Brown Dial Empera Watch
images/46744.jpg,Women Apparel Capris Black Sports - Nike Women Black Capris
images/36102.jpg,Men Accessories Wallets Black Casual - OTLS Men Laurel Black Wallet
images/22173.jpg,Men Footwear Casual Shoes Brown Casual - Timberland Men Dark Brown Casual Shoes
images/44217.jpg,Women Footwear Flip Flops White Casual - iPanema Women White Flip Flops
images/14775.jpg,Men Apparel Shirts Blue Formal - Arrow Men Blue Striped Shirt
images/51706.jpg,Men Accessories Sunglasses Black Casual - Van Heusen Men Black Sunglasses
images/50438.jpg,Men Apparel Briefs Grey Casual - Chromozome Men Grey Pack of 2 Briefs
images/23589.jpg,Women Personal Care Fragrance Gift Set Beige Casual - Nike Fragrances Women Urban Musk Deo and Perfume
images/54881.jpg,Women Accessories Necklace and Chains Red Casual - Ivory Tag Women Sparkling Coral Red Necklace
images/35797.jpg,Women Footwear Heels Copper Casual - Enroute Women Copper Flats
images/43474.jpg,Men Footwear Casual Shoes Mustard Casual - Woodland Men Mustard Shoes
images/38465.jpg,Women Accessories Handbags Black Casual - Baggit Women Black Sling Bag
images/28315.jpg,Men Footwear Casual Shoes Grey Casual - Red Tape Men Grey Shoes
images/51006.jpg,Women Apparel Bra Brown Casual - Enamor Brown Bra
images/15306.jpg,Men Footwear Sports Shoes Black Sports - ADIDAS Men Vanquish 5 M Black Sports Shoes
images/56235.jpg,Men Apparel Night suits White Casual - SDL by Sweet Dreams Men White & Black Pyjama Set
images/23620.jpg,Men Personal Care Fragrance Gift Set Blue Casual - Nike Fragrances Men Blue Blue Wave Deo & Perfume
images/10501.jpg,Women Apparel Tshirts White Casual - Flying Machine Women RN HS White T-shirt
images/4334.jpg,Men Footwear Flip Flops Green Casual - Fila Men's Dignity Green Flip Flop
images/8163.jpg,Men Apparel Shirts Red Casual - Highlander Men Red Checked Halden Slim Fit Shirt
images/14514.jpg,Men Apparel Shirts Brown Formal - Mark Taylor Men Brown & White Striped Shirt
images/31279.jpg,Men Apparel Tshirts Navy Blue Casual - Puma Men Bonn Graphic Navy Blue T-shirt
images/32341.jpg,Men Accessories Watches Black Casual - Q&Q Men Black Dial Watch
images/29229.jpg,Men Footwear Sports Shoes Black Sports - ADIDAS Men Power Howard Black Sports Shoes
images/57800.jpg,Women Personal Care Face Wash and Cleanser White - Lotus Herbals Lemon Pure Cleansing Milk
images/47162.jpg,Men Accessories Belts Brown Casual - Peter England Men Brown Belt
images/19497.jpg,Unisex Accessories Socks White Casual - Puma Kids Unisex Foundation Pack of 3 Crew Socks
images/49328.jpg,Women Accessories Watches White Casual - DKNY Women White Dial Watch NY8283
images/22403.jpg,Men Apparel Shirts White Casual - Mark Taylor Men Striped White Shirt
images/23547.jpg,Women Personal Care Deodorant Black Casual - Police Dark Women Deo
images/49234.jpg,Men Accessories Caps Yellow Casual - Arrow Men Yellow Cap
images/17860.jpg,Men Apparel Trunk Green Casual - Levis Men Boxer Green Trunks
images/21000.jpg,Men Accessories Belts White Casual - Fastrack Men Leatherette White Belt
images/43037.jpg,Men Apparel Shirts Green Casual - Scullers Men Green & Navy Blue Shirt
images/51148.jpg,Men Accessories Socks Black Casual - Parx Men Black Socks
images/28441.jpg,Women Accessories Watches Black Casual - DKNY Women Black Dial Watch NY3430
images/32644.jpg,Men Apparel Track Pants Black Sports - Nike Men Knit Black Track Pants
images/8193.jpg,Men Apparel Shirts Blue Casual - Locomotive Men Solid Poplin Lamar Blue Shirts
images/54925.jpg,Men Apparel Shorts Cream Casual - Do U Speak Green Men Cream Shorts
images/33738.jpg,Women Accessories Belts Brown Casual - Pieces Women Brown Belt
images/14570.jpg,Men Footwear Casual Shoes Black Casual - Vans Men Rowley Style 99'S Black Casual Shoes
images/15846.jpg,Men Apparel Tshirts Grey Casual - Lee Grey Stripes Casual T-Shirts
images/41757.jpg,Girls Apparel Tops Yellow Casual - Doodle Girls Printed Yellow Top
images/46281.jpg,Women Apparel Dresses Black Casual - 109F Women Black & Cream Dress
images/16630.jpg,Men Apparel Tshirts Black Casual - Facit Men Smart Black Tshirt
images/57664.jpg,Women Personal Care Nail Polish Brown Casual - Lotus Herbals Colour Dew Mahogany Nail Polish 943
images/24115.jpg,Men Footwear Flip Flops Turquoise Blue Casual - Playboy Men Turquoise Blue Casual Flip Flops
images/44007.jpg,Men Personal Care Deodorant Gold Casual - Police Men Gold Wings Deo
images/6464.jpg,Men Footwear Flip Flops Red Casual - Lotto Men's Club Red Blue Flip Flop
images/43579.jpg,Girls Apparel Tops White Casual - Gini and Jony Girls Woven White Top
images/10678.jpg,Women Apparel Tops White Casual - Doodle Girl Super stylish White Tops
images/14865.jpg,Women Accessories Wallets Black Casual - United Colors of Benetton Women Solid Black Wallets
images/18049.jpg,Women Accessories Wallets Pink Casual - Lino Perros Women Sequin Pink Wallet
images/29091.jpg,Men Accessories Sunglasses Gold Casual - M Tv Men Gold Metallic Sunglasses
images/18045.jpg,Women Accessories Wallets Blue Casual - Lino Perros Women Sequin Blue Wallet
images/3933.jpg,Women Apparel Tshirts Blue Casual - Jealous 21 Womens Blue Rose & Butterfly T-shirt
images/50185.jpg,Women Accessories Handbags Olive Casual - Paridhan Women Green Handbag
images/47374.jpg,Women Accessories Handbags Purple Casual - Baggit Women Purple Handbag
images/31552.jpg,Men Footwear Casual Shoes Black Casual - Woodland Men Black Casual Shoes
images/3984.jpg,Men Apparel Tshirts Blue Casual - Mr.Men Men's Must Sleep Blue T-shirt
images/8117.jpg,Men Accessories Watches Black Casual - Fastrack Men New Analog Black Navy Watch
images/26264.jpg,Men Apparel Tshirts Black Casual - Proline Men Black T-Shirt
images/52347.jpg,Women Apparel Nightdress Pink Casual - Red Rose Pink Nightdress
images/21483.jpg,Unisex Accessories Watches Red Casual - Ice Unisex Love Red Watch
images/39847.jpg,Girls Apparel Tops Pink Casual - Gini and Jony Girls Printed Pink Top
images/50506.jpg,Men Apparel Briefs Black Casual - Chromozome Men Black Briefs
images/4281.jpg,Men Footwear Formal Shoes Black Formal - Rockport Men's Alduna Black Shoe
images/47416.jpg,Women Accessories Handbags Teal Casual - Baggit Women Teal Sling Bag
images/9632.jpg,Men Apparel Shirts Black Casual - Indigo Nation Men Stripes Shirt Black Shirts
images/32544.jpg,Women Personal Care Perfume and Body Mist Pink Casual - Playboy Women Play It Lovely Perfume
images/24468.jpg,Men Footwear Casual Shoes Brown Casual - ID Men Brown Casual Shoes
images/52360.jpg,Women Apparel Nightdress Off White Casual - Red Rose Women Off White Nightdress
images/10292.jpg,Women Footwear Heels Brown Casual - Clarks Women Brown Leather Heels
images/59584.jpg,Men Accessories Cufflinks Steel Casual - Revv Men Black Cufflinks
images/16806.jpg,Girls Apparel Shorts White Casual - ANT Kids Girls Solid White Short
images/1887.jpg,Men Apparel Tshirts Green Casual - FIFA Mens Essentials Green T-shirt
images/25122.jpg,Women Accessories Clutches Black Casual - Lino Perros Women Gems Black Clutch
images/26240.jpg,Men Apparel Shorts Grey Sports - Proline Grey Shorts
images/25302.jpg,Women Accessories Wallets Red Casual - Lino Perros Women Leather Red Wallet
images/44133.jpg,Women Personal Care Perfume and Body Mist Silver Casual - DKNY Women Perfume
images/41379.jpg,Women Apparel Tops Red Casual - Wrangler Women Red Rosy Top
images/45588.jpg,Men Footwear Formal Shoes Black Formal - Arrow Men Black Formal Shoes
images/34358.jpg,Men Apparel Tshirts Blue Casual - Myntra Men Blue Say It Loud T-shirt
images/28260.jpg,Men Personal Care Deodorant Orange Casual - 18+ Men Surprise Deo
images/19176.jpg,Men Apparel Shirts Black Casual - United Colors of Benetton Men Check Black Shirt
images/32480.jpg,Men Apparel Tshirts Brown Casual - Proline Men Multicoloured Striped Polo T-shirt
images/42109.jpg,Men Apparel Tshirts Black Casual - ADIDAS Men Black T-shirt
images/21254.jpg,Unisex Accessories Duffel Bag Maroon Casual - Skybags Unisex Maroon Duffle Bag
images/35566.jpg,Men Footwear Formal Shoes Black Formal - Arrow Men Black Formal Shoes
images/47225.jpg,Men Footwear Formal Shoes Black Formal - Franco Leone Men Black Formal Shoes
images/2125.jpg,Women Apparel Shirts White Casual - Lee Women White Shirt
images/53791.jpg,Men Apparel Tshirts White Casual - Puma Men White T-shirt
images/6518.jpg,Unisex Accessories Backpacks Black Casual - Nike Unisex Total 90 Stri Backpack
images/16460.jpg,Men Apparel Shirts Blue Casual - Locomotive Men Check Blue Shirt
images/56614.jpg,Women Personal Care Highlighter and Blush Peach - Streetwear True Color Peachy Sheen Blusher
images/48469.jpg,Women Apparel Dresses Black Casual - French Connection Black Dress
images/13358.jpg,Women Footwear Casual Shoes Brown Casual - Timberland Women Femmes Brown Casual Shoes
images/55191.jpg,Women Personal Care Nail Polish Blue Casual - Lakme Absolute Fast & Fabulous Aqua Express Nail Polish 06
images/7025.jpg,Men Apparel Tshirts Blue Casual - s.Oliver Men's All you Need Blue T-shirt
images/34926.jpg,Women Apparel Dupatta Maroon Ethnic - Fabindia Maroon Dupatta
images/53747.jpg,Men Apparel Track Pants Black Casual - ADIDAS Men Black Track Pant
images/34074.jpg,Women Footwear Flats Silver Casual - Clarks Women Arizona Heat Leather Silver Shoes
images/32652.jpg,Women Apparel Tshirts Lavender Sports - Nike Women Sublimated Lavender T-shirt
images/12151.jpg,Women Apparel Kurtis Pink Ethnic - Aurelia Women Printed Pink Kurtis
images/8728.jpg,Men Apparel Shirts Purple Casual - Indigo Nation Men Checks Purple Shirts
images/37319.jpg,Men Accessories Watches Black Casual - CASIO G-Shock Men Black Digital Watch G-9300-1DR G342
images/40552.jpg,Women Accessories Watches Silver Casual - Titan Women Silver Dial Watch
images/21021.jpg,Men Apparel Shirts Purple Formal - Black coffee Men Purple Slim Fit Shirt
images/8388.jpg,Women Apparel Track Pants Black Sports - ADIDAS Women Wo Basic Black Track Pants
images/42121.jpg,Women Apparel Tshirts White Casual - ADIDAS Women Artist White T-shirt
images/13966.jpg,Men Apparel Tshirts White Casual - Ed Hardy Men Solid White Tshirts
images/37057.jpg,Women Accessories Belts Brown Casual - Lino Perros Women Brown Belt
images/12985.jpg,Men Footwear Casual Shoes Olive Casual - Fila Men Mountainaire Olive Casual Shoes
images/28015.jpg,Men Apparel Trunk Red Casual - Jockey ZONE STRETCH Men Zone Stretch Red Trunks US20
images/31462.jpg,Men Apparel Tshirts Blue Sports - Nike Men Advantage Geometric Blue Jersey
images/35713.jpg,Men Footwear Sports Shoes Red Sports - Nike Men Jordan Fly Wade Red Sports Shoes
images/41427.jpg,Men Apparel Trousers Black Casual - Highlander Men Black Trousers
images/47403.jpg,Women Accessories Wallets Pink Casual - Baggit Women Pink Wallet
images/8797.jpg,Men Apparel Shirts Navy Blue Casual - Scullers Men Navy Blue Check Shirt
images/16729.jpg,Men Footwear Flip Flops Navy Blue Casual - Lotto Men Mega Sport Navy Blue Slipper
images/59284.jpg,Men Accessories Watches White Casual - Titan Men White Dial Watch
images/48504.jpg,Women Apparel Tops Blue Casual - French Connection Women Blue Top
images/18986.jpg,Men Apparel Tshirts Black Casual - ADIDAS Originals Men St Tee Grp Black Tshirt
images/36058.jpg,Unisex Accessories Messenger Bag Blue Casual - OTLS Unisex Blue Messenger Bag
images/31453.jpg,Women Apparel Tshirts Black Sports - Nike Women Tennis Black T-shirt
images/7009.jpg,Men Apparel Tshirts Red Casual - Classic Polo Men's Red Polo With Stripe T-shirt
images/50674.jpg,Men Apparel Trunk Black Casual - Chromozome Men Pack of Two Black Trunks
